-- --------------------------------------------------------
-- Host:                         127.0.0.1
-- Versione server:              10.4.28-MariaDB - mariadb.org binary distribution
-- S.O. server:                  Win64
-- HeidiSQL Versione:            12.5.0.6677
-- --------------------------------------------------------

/*!40101 SET @OLD_CHARACTER_SET_CLIENT=@@CHARACTER_SET_CLIENT */;
/*!40101 SET NAMES utf8 */;
/*!50503 SET NAMES utf8mb4 */;
/*!40103 SET @OLD_TIME_ZONE=@@TIME_ZONE */;
/*!40103 SET TIME_ZONE='+00:00' */;
/*!40014 SET @OLD_FOREIGN_KEY_CHECKS=@@FOREIGN_KEY_CHECKS, FOREIGN_KEY_CHECKS=0 */;
/*!40101 SET @OLD_SQL_MODE=@@SQL_MODE, SQL_MODE='NO_AUTO_VALUE_ON_ZERO' */;
/*!40111 SET @OLD_SQL_NOTES=@@SQL_NOTES, SQL_NOTES=0 */;


-- Dump della struttura del database gestionale_vba
CREATE DATABASE IF NOT EXISTS `gestionale_vba` /*!40100 DEFAULT CHARACTER SET utf8mb4 COLLATE utf8mb4_general_ci */;
USE `gestionale_vba`;

-- Dump della struttura di tabella gestionale_vba.customers_suppliers
CREATE TABLE IF NOT EXISTS `customers_suppliers` (
  `id` int(11) NOT NULL AUTO_INCREMENT,
  `type` int(11) NOT NULL,
  `fnc` int(11) NOT NULL,
  `name` varchar(255) NOT NULL,
  `city` varchar(255) DEFAULT NULL,
  `address` varchar(255) DEFAULT NULL,
  `cap` varchar(255) DEFAULT NULL,
  `phone_number` varchar(255) DEFAULT NULL,
  `email` varchar(255) DEFAULT NULL,
  `piva` varchar(255) DEFAULT NULL,
  `iban` varchar(255) DEFAULT NULL,
  PRIMARY KEY (`id`),
  KEY `FK_customers_suppliers_resources_type` (`type`),
  KEY `FK_customers_suppliers_resources_function` (`fnc`) USING BTREE,
  CONSTRAINT `FK_customers_suppliers_resources_function` FOREIGN KEY (`fnc`) REFERENCES `resources_function` (`id`) ON DELETE NO ACTION ON UPDATE NO ACTION,
  CONSTRAINT `FK_customers_suppliers_resources_type` FOREIGN KEY (`type`) REFERENCES `resources_type` (`id`) ON DELETE NO ACTION ON UPDATE NO ACTION
) ENGINE=InnoDB AUTO_INCREMENT=53 DEFAULT CHARSET=utf8mb4 COLLATE=utf8mb4_general_ci;

-- Dump dei dati della tabella gestionale_vba.customers_suppliers: ~52 rows (circa)
INSERT INTO `customers_suppliers` (`id`, `type`, `fnc`, `name`, `city`, `address`, `cap`, `phone_number`, `email`, `piva`, `iban`) VALUES
	(1, 2, 2, 'B4Web s.r.l.', 'Alessandria', 'Via della Chiatta, 29, Alessandria, AL, Italia', '15121', '0131 1926569', 'info@b4web.biz', '02344960063', ''),
	(2, 2, 1, 'AC GRAF Climatizzazione s.r.l.', 'Rivalta', 'Via Massimo D\'Antona, 7, Rivalta di Torino, TO, Italia', '10040', '011 904 8292', 'g.silano@acgraf.it', '07066510012', ''),
	(3, 2, 1, 'AM.SA s.r.l.', 'Aosta', 'Via Malherbes, 14, Aosta, AO, Italia', '11100', '011 222 2227', '', '00674210075', ''),
	(4, 2, 1, 'Arcoplastica s.r.l.', 'Andezeno', 'Strada Chieri, 79, Pino Torinese, Andezeno, TO, Italia', '10020', '011 943 3111', 'm.torta@arcoplastica.com', '04690780012', ''),
	(5, 2, 2, 'BMA s.r.l.', 'Villanova d\'asti', 'Strada per Chieri, 18, Villanova d\'Asti, AT, Italia', '14019', '011 945 3301', 'amministrazione@bmaservice.net', '01444410052', ''),
	(6, 2, 2, 'Dynamis s.r.l.', 'Novara', 'Via Pietro Generali, 68, Novara, Nordovest, Italia', '28100', '0321 457 643', 'segreteria@dynamis.it', '00860060037', ''),
	(7, 2, 1, 'Ediltubi s.p.a.', 'Trofarello', 'Via Torino, 280, Trofarello, TO, Italia', '10028', '335 761 2352', '', '00908850019', ''),
	(8, 2, 1, 'Fortek s.r.l.', 'Trofarello', 'Via la Pira, 17, Trofarello, TO, Italia', '10028', '011 680 4222', 'commerciale@fortek.it', '06857670019', 'IT 17 B 03069 31180 000003936312'),
	(9, 2, 2, 'Housedada s.n.c.', 'Torino', 'Via Pio Foà, 86, Torino, TO, Italia', '10125', '011 197 02030', 'info@housedada.com', '10654570018', ''),
	(10, 2, 1, 'Jollyplast s.r.l.', 'Sommariva Perno', 'Località Piano, 55, Sommariva Perno, CN, Italia', '12040', '0172 46142', '', '02471970042', ''),
	(11, 2, 1, 'Meridiana soc.cop', 'Torino', 'Via LA Marmora, 38, Bruzolo, Torino, Italia', '10124', '331 38221288', 'info@meridianasc.it', '10827560011', ''),
	(12, 2, 1, 'Stat s.p.a.', 'Beinasco', 'Via VIII Marzo, 6/10, Beinasco, TO, Italia', '10092', '011 398 7111', 'calogero.marino@statspa.com', '03796460016', ''),
	(13, 2, 2, 'VBA snc', 'Trofarello', 'Via Trieste, 30, Trofarello, TO, Italia', '10028', '3334554102', 'a.visca@vbanet.eu', '11118750014', ''),
	(14, 2, 1, 'Pasta &amp; Company s.p.a.', 'Rivalta', 'Via F. Gioia, Rivalta di Torino, TO, Italia', '', '', 'manutenzione@pastaecompany.it', '', ''),
	(15, 2, 1, 'Belgom', 'Trofarello', '', '', '', '', '', ''),
	(16, 2, 1, 'B&R s.r.l.', 'Mocalieri', 'Via Vittime del Vajont, 36, Moncalieri, TO, Italia', '10024', '011 647 0940', 'info@br-automotive.com', '00668370018', ''),
	(17, 2, 1, 'REA srl', 'Trofarello', 'Via Lombardi, 6, Trofarello, TO, Italia', '10028', '', 'andrea.falco@reasteamcleaning.com ', '', ''),
	(18, 2, 1, 'Frimed', 'Buttigliera d\'Asti', 'Via Riva, 29, Buttigliera D\'asti, AT, Italia', '', '', '', '', ''),
	(19, 2, 1, 'Autotrasporti Lusso s.r.l.', 'Trofarello', 'Via Enrico Fermi, 4', '10028', '0116489669', 'ivan@autrotrasportilusso.com', '06167070017', ''),
	(20, 2, 1, 'Moto Club Koala', 'Trofarello', 'Strada Sabbioni zona le dune', '10028', '3888587928', '', '94001630014', ''),
	(21, 2, 1, 'Apex srl', 'Mappano', 'strada Cuorgnè 51/3', '10072', '011 495010', 'pellicone@apex.to.it', '09365610014', ''),
	(22, 2, 1, 'Il Filo dei Colori', 'Trofarello', 'Via cesare battisti 46', '10028', '', '', '10393340012 ', ''),
	(23, 2, 1, 'Diamond Lap ', 'Trofarello', 'Strada Serene ', '10028', '', '', '', ''),
	(24, 2, 1, 'Giuseppe Savarola', 'Torino', '', '', '3701330429', 'b.savarola@icloud.com', '', ''),
	(25, 2, 1, 'Divia', '', '', '', '', '', '', ''),
	(26, 2, 1, 'Hutchinson', 'Rivoli', 'via Natale Bruno 35', '10090', '0119507411', 'andrea.airola@hutchinson.com', '11111111111', ''),
	(27, 2, 1, 'Elcom', 'Grugliasco', 'Strada del Portone 129', '10095', '', 'mino.casilli@elcom.to.it', '', ''),
	(28, 2, 2, 'Step Solutions', 'Grugliasco', 'Via Cenni, 17', '10095', '011 73 23 54', 'info@stepsolutions.eu', '', ''),
	(29, 2, 1, 'TRE ZETA GROUP S.R.L.', 'SAN MINIATO (PI)', '', '', '', '', '01842780502', ''),
	(30, 2, 1, 'Picco Bartolomeo', 'Asti', '', '', '', '', '', ''),
	(31, 2, 2, 'Infosegnali di Vicario', '', '', '', '', 'infovicario@tiscali.it', '06546970010', ''),
	(32, 2, 1, 'Ellena Spa', 'Brandizzo', 'Via Torino 315', '', '011 917 0075', 'INFO@ELLENASPA.COM', '00514800010', ''),
	(33, 2, 1, 'PLASTLAB S.C.AR.L.', 'Orbassano (TO)', 'Via dell’Artigianato, 2 Area Industriale Malosnà', '10043', '011.903.46.52', 'imma.delgrosso@plastlab.it', '09146550018', ''),
	(34, 2, 1, 'ACEA spa', 'Pinerolo', 'v. Vigone 42', '10064', '01212361', 'amministrazione@aceapinerolese.it', '05059960012', ''),
	(35, 2, 1, 'T-Erre srl', 'Ravarino - Modena (Italy)', 'Via Fratelli Montanari, 89', '41017', '', '', '', ''),
	(36, 2, 2, 'Rima componenti', 'Carmagnola', '', '', '', '', '', ''),
	(37, 2, 1, 'Turincontri', 'Torino', 'St. Cartman 35', '10132', '0118991244', 'moniaci@turincontri.it', '05754870011', ''),
	(38, 2, 1, 'Marus', 'Settimo torinese', 'VIA CASCINA BORNIOLA 54/G', '10036', '', '', '07590410630', ''),
	(39, 2, 1, 'Borin', 'Trofarello', 'V. Ferruccio Parri 12', '10028', '', 'info@borinlavorazionelamiera.it', '', ''),
	(40, 2, 1, 'Fratelli Chiaramello trasporti', 'Torino', 'VIA ROSTA, 11', '10143', '', '', '12273890017', ''),
	(41, 2, 1, 'TEXA s.r.l.', 'Chivasso', 'C.so M. D\'Azeglio, 8', '10125', '', '', '07272390019', ''),
	(42, 2, 1, 'Centro Ricerche FCA', 'Torino', '', '', '', '', '', ''),
	(43, 2, 1, 'Escofer', 'Trofarello', 'v. Enrico Fermi', '10028', '', 'escofer2019@gmail.com', '', ''),
	(44, 2, 1, 'Tristone Flowtech srl', 'Ciriè', 'v. Torino 142', '10073', '?+39 011 922 7611', 'luca.rosso@tristone.com', '', ''),
	(45, 2, 1, 'Progem', 'Carmagnola', 'Via Monteu Roero 12/16', '10022', '+39 011.971.496', 'info@progem.eu', '07519750017', ''),
	(46, 2, 1, 'Labormet due srl', 'Torino', 'c.so Orbassano 402/18', '', '011740905', 'info@labormetdue.it', '10729360015', ''),
	(47, 2, 2, 'Pneumax', '', '', '', '', '', '', ''),
	(48, 2, 2, 'Mattia', '', '', '', '', '', '', ''),
	(49, 2, 2, 'Solmantec s.r.l.', 'Torino', 'via Andrea Doria, 15', '10123', '3358016371', 'info@solmantec.it', '12632850017', ''),
	(50, 2, 1, 'Errecinque', 'Volpiano', 'via brandizzo 176', '10088', '011 9881833', 'info@errecinque.it', '02392710014', ''),
	(51, 2, 1, 'F.lli Chiaramello trasporti', 'Torino', 'c.so Francia 17', '10138', '', '', '12273890017', ''),
	(52, 2, 1, 'Easytec', 'Scalenghe TO', 'Via Agnelli Senatore Avvocato Giovanni, 6', '10060', '0119866372', 'info@easytec.it', '11175170015', '');

-- Dump della struttura di tabella gestionale_vba.orders
CREATE TABLE IF NOT EXISTS `orders` (
  `id` int(11) NOT NULL AUTO_INCREMENT,
  `manager` int(11) NOT NULL,
  `customer` int(11) NOT NULL,
  `name` varchar(255) NOT NULL,
  `status` int(11) NOT NULL,
  `type` int(11) NOT NULL,
  `start_date` varchar(255) NOT NULL,
  `end_date` varchar(255) DEFAULT NULL,
  `note` varchar(255) DEFAULT NULL,
  PRIMARY KEY (`id`),
  KEY `FK_orders_users` (`manager`),
  KEY `FK_orders_customers_suppliers` (`customer`),
  KEY `FK_orders_orders_status` (`status`),
  KEY `FK_orders_orders_types` (`type`),
  CONSTRAINT `FK_orders_customers_suppliers` FOREIGN KEY (`customer`) REFERENCES `customers_suppliers` (`id`) ON DELETE NO ACTION ON UPDATE NO ACTION,
  CONSTRAINT `FK_orders_orders_status` FOREIGN KEY (`status`) REFERENCES `orders_status` (`id`) ON DELETE NO ACTION ON UPDATE NO ACTION,
  CONSTRAINT `FK_orders_orders_types` FOREIGN KEY (`type`) REFERENCES `orders_types` (`id`) ON DELETE NO ACTION ON UPDATE NO ACTION,
  CONSTRAINT `FK_orders_users` FOREIGN KEY (`manager`) REFERENCES `users` (`id`) ON DELETE NO ACTION ON UPDATE NO ACTION
) ENGINE=InnoDB AUTO_INCREMENT=567 DEFAULT CHARSET=utf8mb4 COLLATE=utf8mb4_general_ci;

-- Dump dei dati della tabella gestionale_vba.orders: ~560 rows (circa)
INSERT INTO `orders` (`id`, `manager`, `customer`, `name`, `status`, `type`, `start_date`, `end_date`, `note`) VALUES
	(1, 1, 13, 'Gestionale', 3, 1, '2014-04-01', '2015-09-29', 'Commessa di gestione!'),
	(2, 1, 9, 'Housedada - Assistenza Generica', 6, 1, '2015-01-01', '2015-12-31', 'Se vengono effettuate consulenze o affini devono essere registrate su questa commessa.'),
	(3, 1, 4, 'Q.E. Trancia M6', 7, 1, '2018-11-10', '2018-11-10', ''),
	(4, 1, 5, 'Stat - Macchine di backup', 5, 1, '0000-00-00', '', ''),
	(5, 1, 6, 'AcGraf - Oscillatore Arduino', 5, 1, '0000-00-00', '', ''),
	(6, 1, 10, 'Riparazione scheda termoregolazione', 5, 1, '0000-00-00', '', ''),
	(7, 1, 8, 'Ellena  - Sostituzione PLC', 5, 1, '0000-00-00', '', ''),
	(8, 1, 13, 'Assistenza Filemaker', 5, 1, '0000-00-00', '', ''),
	(9, 1, 4, 'Assistenza PC Asem', 5, 1, '0000-00-00', '', ''),
	(10, 1, 12, 'Tracciabilità produzione boccole', 5, 1, '0000-00-00', '', ''),
	(11, 1, 8, 'Server Iveco', 6, 1, '0000-00-00', '', ''),
	(12, 1, 8, 'Intervento montaggio R-AD8', 5, 1, '0000-00-00', '', ''),
	(13, 1, 8, 'Iveco - Controllo remoto cella frigo', 5, 1, '2015-07-01', '2015-07-31', 'Da testare.'),
	(14, 1, 8, 'Iveco - Controllo riscaldi', 5, 1, '0000-00-00', '', ''),
	(15, 1, 8, 'Iveco - Riparazione terminale VEDO ', 5, 1, '0000-00-00', '', ''),
	(16, 1, 8, 'Siat - Orodatario', 5, 1, '0000-00-00', '', ''),
	(17, 1, 12, 'Analisi Dati', 5, 1, '0000-00-00', '', ''),
	(18, 1, 13, 'Filo dei colori - Realizzazione Sito', 5, 1, '0000-00-00', '', ''),
	(19, 3, 4, 'Revisione M0', 6, 1, '2014-01-01', '2015-09-30', 'DA gestire e terminare anche dandola a BMA'),
	(20, 2, 6, 'CSF - Impianto condizionamento', 6, 1, '2018-11-10', '2018-11-10', ''),
	(21, 1, 2, 'SIMPRO', 5, 1, '0000-00-00', '', ''),
	(22, 3, 10, 'Revisione JM9', 5, 1, '0000-00-00', '', ''),
	(23, 1, 10, 'Modifica sicurezze', 5, 1, '0000-00-00', '', ''),
	(24, 1, 4, 'Revisione M1', 5, 1, '0000-00-00', '', ''),
	(25, 1, 14, 'Controllo Arduino', 5, 1, '0000-00-00', '', ''),
	(26, 1, 13, 'Sergio Lingua - WiFi', 5, 1, '0000-00-00', '', ''),
	(27, 1, 9, 'Impianto elettrico lab.tessile', 5, 1, '0000-00-00', '', ''),
	(28, 1, 12, 'Schede Interfaccia', 5, 1, '0000-00-00', '', ''),
	(29, 1, 12, 'Piantaggio simultaneo', 5, 1, '0000-00-00', '', ''),
	(30, 1, 12, 'Controllo produzione', 5, 1, '0000-00-00', '', ''),
	(31, 1, 12, 'Assistenza Generica', 6, 1, '2015-01-01', '2015-12-31', ''),
	(32, 1, 12, 'Controllo telecamere', 5, 1, '0000-00-00', '', ''),
	(33, 1, 8, 'Fenice - Scheda controllo valvola Elram', 5, 1, '0000-00-00', '', ''),
	(34, 1, 8, 'Siat - Terminale Loc.Tecnico', 5, 1, '0000-00-00', '', ''),
	(35, 1, 8, 'Michelin - sistema controllo valvole vapore', 5, 1, '0000-00-00', '', ''),
	(36, 1, 3, 'ARPA - Protezione lab.mobile', 7, 1, '2018-11-10', '2018-11-10', 'manca manuale'),
	(37, 1, 8, 'CNH - Pc di backup', 5, 1, '2014-01-09', '2015-07-21', 'Chiusa e fatturata'),
	(38, 1, 8, 'Q.E. Allarme livellostato', 5, 1, '0000-00-00', '', ''),
	(39, 1, 8, 'Martini - Tubo', 5, 1, '0000-00-00', '', ''),
	(40, 1, 12, 'Piantaggio sincrono su gomma', 5, 1, '0000-00-00', '', ''),
	(41, 1, 2, 'Fortek - Q.E. condizionatore', 5, 1, '0000-00-00', '', ''),
	(42, 1, 8, 'Iveco - Modifica banchi 1028', 5, 1, '2015-01-01', '2015-07-01', 'ABORTITA'),
	(43, 1, 8, 'Iveco - Ripristino rete banchi 1028 ', 5, 1, '0000-00-00', '', ''),
	(44, 1, 8, 'Iveco - Digit-Box 1028', 5, 1, '0000-00-00', '', ''),
	(45, 1, 12, 'Adeguamento panda 4X4', 5, 1, '0000-00-00', '', ''),
	(46, 1, 6, 'Schede interfacciamento domotica', 5, 1, '0000-00-00', '', ''),
	(47, 3, 8, 'Kimberly - Skid dosatore debonder', 5, 1, '0000-00-00', '', ''),
	(48, 3, 8, 'Gruppo carrellato svuotamento pozzi oli esausti', 5, 1, '0000-00-00', '', ''),
	(49, 3, 8, 'Kimberly - Gruppo carrellato travasi oli', 5, 1, '0000-00-00', '', ''),
	(50, 3, 4, 'Assistenza Generica', 6, 1, '2015-01-01', '2015-07-31', 'NON FAREMO PIU NULLA MA TENIAMOLA'),
	(51, 1, 1, 'Iveco - Software reparto ceramiche', 7, 1, '2015-01-01', '2015-09-30', ''),
	(52, 3, 15, 'Assistenza Generica', 5, 1, '2015-01-01', '2015-12-31', 'DA FATTURARE'),
	(53, 1, 9, 'Cinemambiente - Totem pubblicitario', 5, 1, '0000-00-00', '', ''),
	(54, 1, 12, 'Controllo etichette', 6, 1, '0000-00-00', '', ''),
	(55, 3, 8, 'Apex - Centralina UREA', 5, 1, '2015-02-01', '2015-09-30', 'Pagata fattura n6-2015'),
	(56, 1, 1, 'Borgoglio - Analisi preliminare', 5, 1, '2014-11-01', '2015-02-28', 'PAGATA'),
	(57, 1, 6, 'GAP - Sistema di sovrapressione', 7, 1, '2014-06-01', '2015-12-31', ''),
	(58, 1, 1, 'Borgoglio - Adeguamento sistema di pesa', 7, 1, '2015-01-01', '2015-05-01', 'In attesa di pagamento!'),
	(59, 1, 6, 'Martor - aggiornamento banco fishbowl', 7, 1, '2018-11-10', '2018-11-10', ''),
	(60, 3, 8, 'OLON - Scambiatori di calore', 5, 1, '2017-11-07', '2017-11-07', ''),
	(61, 3, 8, 'FPT - Installazione arrotolatori', 5, 1, '2014-12-30', '2015-01-09', ''),
	(62, 1, 12, 'Alimentatore lamiera', 6, 1, '2018-11-10', '2018-11-10', ''),
	(63, 3, 16, 'Banco prova ugelli', 6, 1, '0000-00-00', '', 'sostituita da 108'),
	(64, 3, 8, 'FPT - Installazione k-patents pr23', 5, 1, '2015-07-01', '2015-02-25', 'Pagata Fatt.N 1-2015'),
	(65, 2, 6, 'CRF - Lagostina brasile', 7, 1, '2018-11-10', '2018-11-10', ''),
	(66, 2, 6, 'CRF - Banco bifreezer', 7, 1, '2018-11-10', '2018-11-10', ''),
	(67, 3, 8, 'Motor Village - revisione attrezzatura', 6, 1, '2017-11-07', '2017-11-07', ''),
	(68, 3, 8, 'Realizzazione gruppo carrello addensante ', 6, 1, '2017-11-07', '2017-11-07', ''),
	(69, 1, 14, 'Metal Detector', 6, 1, '2015-01-01', '2015-07-01', 'ABORTITA'),
	(70, 1, 14, 'Lavastoviglie - rifacimento controllo', 6, 1, '2015-01-01', '2015-07-01', 'Valutare dimensionamento PLC e redarre offerta ABORTITA'),
	(71, 1, 1, 'Iveco -  Sostituzione PC banchi', 6, 1, '2018-11-10', '2018-11-10', 'Relazione a B4Web'),
	(72, 2, 6, 'Julius - Integrazione assorbitore', 7, 1, '2015-02-04', '2015-07-21', 'Da ricevere pagamento'),
	(73, 2, 8, 'Airaga - banco misura coppia valvole', 6, 1, '2014-12-01', '2015-07-21', 'Banco comando valvole e rilevamento coppia attuazione ABORTITA'),
	(74, 3, 6, 'Assistenza generica &amp; Cambio ore', 7, 1, '2018-11-10', '2018-11-10', '\r\n'),
	(75, 2, 6, 'Lagostina Moschetto', 7, 1, '2018-11-10', '2018-11-10', 'CRF co Mirafiori\r\nRiscaldatore carburante per prove invecchiamento polimeri'),
	(76, 1, 11, 'Software gestionale', 7, 1, '2014-09-01', '2015-08-31', 'Tutto pagato!'),
	(77, 1, 8, 'Q.e Resistenze', 6, 1, '2015-05-01', '2015-07-14', 'ABORTITA, forse ci rifaranno una richiesta.'),
	(78, 3, 16, 'Manutenzione banchetto prova ugelli', 6, 1, '2015-03-04', '2015-07-31', 'Da concordare con Maggia per fatturazione'),
	(79, 2, 17, 'Impianto lavaggio coil', 6, 1, '2018-11-10', '2018-11-10', 'Riprogettazione sistema trascinamento coils per lavaggio a vapore\r\n'),
	(80, 1, 8, 'Iveco DVD - Assistenza generica', 3, 1, '2015-01-01', '2015-12-31', 'Tutte le assistenze su Iveco.'),
	(81, 1, 8, 'Motor Village - Vasca lavaggio', 6, 1, '2014-05-01', '2014-08-31', '400Euro'),
	(82, 1, 1, 'Mirafiori - Sistema misurazione portata', 6, 1, '2018-11-10', '2018-11-10', ''),
	(83, 3, 16, 'Maserati - Collaudo valvola di sicurezza', 5, 1, '2015-01-01', '2018-11-26', ''),
	(84, 1, 13, 'TESI', 6, 1, '2015-07-21', '2015-07-21', 'ABORTITA'),
	(85, 2, 6, 'CRF - banco compressori (Canta)', 7, 1, '2018-11-10', '2018-11-10', ''),
	(86, 1, 16, 'Implementazione grafici excel', 5, 1, '2015-03-08', '2015-03-10', 'PRO_BONO'),
	(87, 2, 6, 'Rewamping cella Fornasero', 6, 1, '2018-11-10', '2018-11-10', ''),
	(88, 3, 8, 'Sostituzione valvole Venturi su carrello vuoto', 6, 1, '2015-06-17', '2015-07-21', ''),
	(89, 3, 8, 'MEMC - Carrettino', 5, 1, '2015-01-01', '2015-07-21', 'Pagata fattura n4 - 2015\r\nNon pagata fattura extra n6-2015'),
	(90, 2, 6, 'CRF - Controllo condensazione x Coil', 6, 1, '2018-11-10', '2018-11-10', ''),
	(91, 1, 1, 'Iveco - Assistenza generica BZ', 6, 1, '2018-11-10', '2018-11-10', ''),
	(92, 1, 18, 'Assemblaggio gruppi alimentazione', 6, 1, '2015-05-01', '2015-06-03', 'ABORTITA'),
	(93, 1, 11, 'Impianto uffici', 5, 1, '2015-04-30', '2015-06-30', 'Pagata - fattura n5-2015'),
	(94, 2, 6, 'Piaggio MDS - controllo sala prova', 6, 1, '2018-11-10', '2018-11-10', ''),
	(95, 3, 8, 'Riparazione pompa seko', 5, 1, '2015-07-01', '2015-07-21', 'Da pagare'),
	(96, 3, 1, 'Iveco - Adattatori pompe olio', 6, 1, '2015-01-01', '2015-09-30', ''),
	(97, 1, 1, 'Borgoglio - installazione convertitore strain gauge 4-20mA', 7, 1, '2018-11-10', '2018-11-10', ''),
	(98, 2, 8, 'Aspo svolginastro carrozzeria', 6, 1, '2015-07-01', '2015-07-31', ''),
	(99, 2, 6, 'Assistenza Unieuro', 7, 1, '2015-01-01', '2015-12-31', ''),
	(100, 3, 16, 'Manutenzione straordinaria giostra prova ugelli', 5, 1, '2015-06-25', '2015-07-18', 'Perdite olio, posizioni fasulle'),
	(101, 1, 19, 'Manutenzione condizionatore uffici', 7, 1, '2015-07-20', '2015-07-20', '152euro'),
	(102, 1, 6, 'Care-Dent', 7, 1, '2015-07-01', '2015-07-31', ''),
	(103, 3, 8, 'Assistenza Generica', 5, 1, '2015-01-01', '2015-12-31', ''),
	(104, 2, 6, 'Assistenza clienti vari', 7, 1, '2015-07-01', '2015-12-31', ''),
	(105, 2, 16, 'Lavorazione e assemblaggio ugello GM', 6, 1, '2015-07-23', '2018-11-10', ''),
	(106, 2, 16, 'Collaudo ugello GM #1', 6, 1, '2015-07-23', '2018-11-10', ''),
	(107, 2, 16, 'Collaudo ugello GM #2', 6, 1, '2015-07-23', '2018-11-10', ''),
	(108, 2, 16, 'Banco prova fatica ugelli GM', 5, 1, '2015-07-23', '2018-11-30', 'Ex 63 prova durata e fatica'),
	(109, 1, 20, 'Formattazione PC', 5, 1, '2015-07-24', '2015-07-25', ''),
	(110, 1, 20, 'Sviluppo Gestionale Sito e Pagina Facebook', 7, 1, '2015-07-24', '2015-07-25', ''),
	(111, 2, 6, 'Sostituzione compressore hutchinson', 6, 1, '2015-07-31', '2018-11-10', ''),
	(112, 2, 6, 'Martor - banco termodinamico vibropressore - aggiunta desurriscaldatore', 6, 1, '2015-07-13', '2018-11-10', ''),
	(113, 1, 16, 'Assistenza generica', 3, 1, '2015-01-01', '', ''),
	(114, 1, 6, 'CRF - Banco prova cambio', 6, 1, '2015-09-02', '2015-09-25', ''),
	(115, 2, 15, 'Forno pirolitico', 5, 1, '2015-09-14', '2018-11-10', ''),
	(116, 1, 5, 'Assistenza PC', 6, 1, '2015-09-11', '2015-09-27', ''),
	(117, 3, 8, 'Collettore prelievo olio cisternette', 5, 1, '2015-09-21', '2015-09-30', ''),
	(118, 2, 5, 'Prova idrica', 6, 1, '2015-10-08', '2018-11-10', ''),
	(119, 2, 15, 'Maschi stampo puleggie', 6, 1, '2015-10-09', '2018-11-10', ''),
	(120, 1, 20, 'gestione cambio piano telefonico', 6, 1, '2015-10-24', '2015-10-25', ''),
	(121, 2, 16, 'Rallentamento scarico pezzo', 5, 1, '2015-10-28', '', ''),
	(122, 2, 21, 'Banco prova radiatori', 6, 1, '2015-11-05', '2018-11-10', ''),
	(123, 2, 13, 'Tempo perso in CRI', 6, 1, '2015-11-23', '2018-11-10', ''),
	(124, 1, 11, 'SW - Implementazione gestione contabile', 7, 1, '2015-11-28', '2015-12-31', ''),
	(125, 2, 6, 'PannIsol - Cella laterizi monier', 6, 1, '2015-11-24', '2018-11-10', ''),
	(126, 1, 11, 'Assistenza generica', 6, 1, '2015-01-01', '2018-11-10', ''),
	(127, 2, 16, 'Implementazione analisi piantaggio', 6, 1, '2015-12-02', '2016-02-15', ''),
	(128, 2, 6, 'Avviamento clint nichelino', 6, 1, '2015-12-20', '2018-11-10', ''),
	(129, 1, 20, 'Sviluppo gestionale cassa', 7, 1, '2016-01-04', '2016-01-18', ''),
	(130, 2, 16, 'Piaggio target', 5, 1, '2016-01-08', '2016-01-22', ''),
	(131, 2, 6, 'Pompa calore con sanitaria', 6, 1, '2016-01-11', '2018-11-10', ''),
	(132, 1, 22, 'Realizzazione sito web', 7, 1, '2014-01-10', '2016-02-29', ''),
	(133, 1, 11, '_cambiare_cliente_Impianto-Marcello', 6, 1, '2016-01-22', '2016-01-31', ''),
	(134, 2, 16, 'Piaggio - Modifiche attrezzatura V0421', 5, 1, '2017-11-23', '2017-11-30', ''),
	(135, 2, 16, 'Realizzazione attrezzatura V0428', 5, 1, '2017-11-23', '2017-11-29', ''),
	(136, 2, 16, 'C10 - Revisione fluidica', 5, 1, '2017-01-01', '2017-12-31', ''),
	(137, 1, 13, 'vuota - di riserva', 6, 1, '2017-01-01', '2017-12-31', ''),
	(138, 1, 8, 'Maserati - tubo olio', 5, 1, '2017-01-01', '2017-12-31', ''),
	(139, 2, 6, 'Gestionale', 6, 1, '2017-01-01', '2017-12-31', ''),
	(140, 2, 6, 'Hi Dom', 6, 1, '2017-01-01', '2017-12-31', ''),
	(141, 1, 23, 'Revisione apparecchiature elettriche ', 6, 1, '2017-01-01', '2017-12-31', ''),
	(142, 1, 13, 'vuota - di riserva', 6, 1, '2017-01-01', '2017-12-31', ''),
	(143, 1, 13, 'vuota - di riserva', 6, 1, '2017-01-01', '2017-12-31', ''),
	(144, 2, 21, 'Centralina Urea', 6, 1, '2017-01-01', '2017-12-31', ''),
	(145, 1, 20, 'Telemetria', 6, 1, '2017-01-01', '2017-12-31', ''),
	(146, 1, 13, 'vuota - di riserva', 6, 1, '2017-01-01', '2017-12-31', ''),
	(147, 1, 13, 'vuota - di riserva', 6, 1, '2017-01-01', '2017-12-31', ''),
	(148, 2, 3, 'Automazione barriera basculante', 5, 1, '2017-01-01', '2017-12-31', ''),
	(149, 1, 8, 'Pieffeci - Installazione sonda FPT Stura ', 5, 1, '2017-01-01', '2017-12-31', '\r\n'),
	(150, 1, 6, 'Orange Invorio Centralizzazione ', 7, 1, '2017-01-01', '2017-12-31', ''),
	(151, 2, 16, 'Seconda revisione C9', 5, 1, '2017-01-01', '2017-12-31', ''),
	(152, 1, 13, 'vuota - di riserva', 6, 1, '2017-01-01', '2017-12-31', ''),
	(153, 1, 13, 'vuota - di riserva', 6, 1, '2017-01-01', '2017-12-31', ''),
	(154, 1, 13, 'vuota - di riserva', 6, 1, '2017-01-01', '2017-12-31', ''),
	(155, 2, 16, 'Lavatrice automatica vassoi', 6, 1, '2017-01-01', '2017-12-31', '\r\n'),
	(156, 2, 6, 'Spostamento banco compressori ', 7, 1, '2017-01-01', '2017-12-31', ''),
	(157, 1, 8, 'Configurazione Weintek stampigliatrice', 5, 1, '2017-01-01', '2017-12-31', ''),
	(158, 2, 16, 'Posaggio V0443', 7, 1, '2017-01-01', '2017-12-31', ''),
	(159, 1, 13, 'vuota - di riserva', 6, 1, '2017-01-01', '2017-12-31', ''),
	(160, 1, 8, 'Iveco portaspazzole ', 6, 1, '2017-01-01', '2017-12-31', ''),
	(161, 2, 16, 'Valvola sfogo pressione cambio', 5, 1, '2017-01-01', '2017-12-31', ''),
	(162, 2, 6, 'Hutchinson revisione chiller gen', 7, 1, '2017-01-01', '2017-12-31', ''),
	(163, 1, 13, 'vuota - di riserva', 6, 1, '2017-01-01', '2017-12-31', ''),
	(164, 1, 8, 'Realizzazione sistema rilevamento livello vasche vernice', 5, 1, '2017-01-01', '2017-12-31', ''),
	(165, 1, 11, 'Realizzazione impianto telecamere ', 6, 1, '2017-01-01', '2017-12-31', ''),
	(166, 1, 6, 'Riparazione scheda Panasonic', 6, 1, '2017-01-01', '2017-12-31', ''),
	(167, 2, 6, 'Hutchinson Rev.banco PVT lab.80', 7, 1, '2017-01-01', '2017-12-31', ''),
	(168, 1, 13, 'vuota - di riserva', 6, 1, '2017-01-01', '2017-12-31', ''),
	(169, 1, 6, 'Hutchinson ManGen', 6, 1, '2017-01-01', '2017-12-31', ''),
	(170, 1, 13, 'vuota - di riserva', 6, 1, '2017-01-01', '2017-12-31', ''),
	(171, 2, 6, 'Iveco - Assistenza generica ', 6, 1, '2017-01-01', '2017-12-31', ''),
	(172, 1, 13, 'vuota - di riserva', 6, 1, '2017-01-01', '2017-12-31', ''),
	(173, 2, 6, 'CRF corpo 1 - Essicatore Zander ', 6, 1, '2017-01-01', '2017-12-31', ''),
	(174, 2, 13, 'Caldaia casa VND', 6, 1, '2017-01-01', '2017-12-31', ''),
	(175, 3, 8, 'TR18-638 Modifica tubo rifrattometro', 6, 1, '2017-01-01', '2017-12-31', 'Carabetta spera che si sblocchi nel 2019, almeno la sistemazione del 3+4 con sost. valvole'),
	(176, 1, 8, 'FTP guide mozzi', 6, 1, '2017-01-01', '2017-12-31', ''),
	(177, 1, 8, 'PFC Ugello sigillante', 6, 1, '2017-01-01', '2017-12-31', 'verifica puntale di ferro'),
	(178, 1, 13, 'EDC Carrello Urea', 6, 1, '2017-01-01', '2017-12-31', ''),
	(179, 2, 3, 'Gruppo protezioni anticaduta', 5, 1, '2017-01-01', '2017-12-31', ''),
	(180, 1, 13, 'vuota - di riserva', 6, 1, '2017-01-01', '2017-12-31', ''),
	(181, 1, 13, 'vuota - di riserva', 6, 1, '2017-01-01', '2017-12-31', ''),
	(182, 2, 16, 'Ugello Iveco', 5, 1, '2017-01-01', '2017-12-31', ''),
	(183, 2, 13, 'Trafila mangime', 6, 1, '2017-01-01', '2017-12-31', ''),
	(184, 2, 6, 'ExtraflameNordica - Banchi prova stufe ', 6, 1, '2017-01-01', '2017-12-31', ''),
	(185, 1, 13, 'vuota - di riserva', 6, 1, '2017-01-01', '2017-12-31', ''),
	(186, 1, 13, 'vuota - di riserva', 6, 1, '2017-01-01', '2017-12-31', ''),
	(187, 2, 6, 'Hutchinson - Banco alimentatori programmabili ', 6, 1, '2017-01-01', '2017-12-31', ''),
	(188, 2, 6, 'Hutchinson - controllo livello cisterne', 6, 1, '2017-01-01', '2017-12-31', ''),
	(189, 3, 8, 'TR17-1288  - Carrello lubro', 6, 1, '2017-01-01', '2017-12-31', ''),
	(190, 3, 8, 'Lavori Denso ', 6, 1, '2017-01-01', '2017-12-31', ''),
	(191, 1, 13, 'vuota - di riserva', 6, 1, '2017-01-01', '2017-12-31', ''),
	(192, 2, 6, 'Hutchinson -Estrazione stillicidi', 7, 1, '2017-01-01', '2017-12-31', ''),
	(193, 2, 6, 'CNHbz - Rewamping 0885', 7, 1, '2017-01-01', '2017-12-31', ''),
	(194, 1, 13, 'vuota - di riserva', 6, 1, '2017-01-01', '2017-12-31', ''),
	(195, 1, 13, 'vuota - di riserva', 6, 1, '2017-01-01', '2017-12-31', ''),
	(196, 2, 6, 'Iveco DVD - centr.rampa VBM', 6, 1, '2017-01-01', '2017-12-31', ''),
	(197, 2, 16, 'Affinamento misuratore portata C11', 5, 1, '2017-01-01', '2017-12-31', ''),
	(198, 2, 16, 'Asciugatura pezzi C9', 6, 1, '2017-01-01', '2017-12-31', ''),
	(199, 2, 13, 'Amico Maggi - guinzaglio ', 5, 1, '2017-01-01', '2017-12-31', ''),
	(201, 2, 8, 'Bocchio vuoto pale eoliche', 6, 1, '2017-01-01', '2017-12-31', ''),
	(202, 1, 13, 'vuota - di riserva', 6, 1, '2017-01-01', '2017-12-31', ''),
	(203, 2, 6, 'Hutchinson - revisione banco pulsanti ', 5, 1, '2017-01-01', '2017-12-31', ''),
	(204, 1, 6, 'Hutchinson - serbatoio Urea ', 7, 1, '2017-01-01', '2017-12-31', ''),
	(205, 1, 11, 'Assistenza generica', 6, 1, '2017-01-01', '2017-12-31', ''),
	(206, 2, 6, 'Iveco - modifiche odometro ', 7, 1, '2017-01-01', '2017-12-31', ''),
	(207, 2, 6, 'Iveco - modifiche 885', 6, 1, '2017-01-01', '2017-12-31', ''),
	(208, 2, 16, 'Revisione C6', 6, 1, '2017-01-01', '2017-12-31', ''),
	(209, 2, 6, 'CRF - Simulatore di guida ', 6, 1, '2017-01-01', '2017-12-31', ''),
	(210, 2, 16, 'Raccoglitore GM rev.2.0', 6, 1, '2017-01-01', '2017-12-31', ''),
	(211, 2, 16, 'Transfer foratura GM', 6, 1, '2017-01-01', '2017-12-31', ''),
	(213, 3, 8, 'TR18-5228 creazione tubazioni lunghe impianto rifrattrometro FACET 1+2+3+4 ', 6, 1, '2017-11-04', '2017-12-31', 'mail del 17 gennaio, offerta da circa 1500 euro che se va in porto diventa ordine\r\n\r\nCarabetta spera che si sblocchi nel 2019, almeno la sistemazione del 3+4 con sost. valvole'),
	(214, 3, 8, 'RIP17-549 pompa a vite seim ftp stura', 6, 1, '2017-11-07', '2017-11-30', 'prima o poi l\'ordine arriva, appena trovano i soldi'),
	(215, 5, 8, 'RIP17-693 - Revisione TAG RFID', 7, 1, '2017-11-07', '2017-11-30', 'aspettiamo notizie da PRS'),
	(216, 3, 8, 'Riparazione frigo pfannenberg', 7, 1, '2017-11-14', '2017-12-31', ''),
	(217, 3, 8, 'RIP17-521 - riparazione elettropompa daikin', 7, 1, '2017-11-14', '2017-12-31', ''),
	(218, 2, 6, ' Hutchinson ureAirola skid', 7, 1, '2017-01-01', '2017-12-31', ''),
	(219, 3, 8, 'TR18-596 - Sostituzione motori Pieffeci', 6, 1, '2017-11-16', '2017-11-30', 'hanno spostato l\'attivita\' sul budget 2019, ma non abbiamo ancora l\'ordine'),
	(220, 1, 16, 'Installazione flussostato Tornio ', 7, 1, '2017-12-01', '2017-12-31', ''),
	(221, 2, 16, 'Conversione nuovo ugello (griglio)', 5, 1, '2017-12-12', '2017-12-31', ''),
	(222, 3, 8, 'Riparazione Pompa a viti Knoll Kts50', 6, 1, '2017-12-12', '2017-12-31', ''),
	(223, 3, 8, 'RIP17-720 - Riparazione refrigeratore pfannenberg', 7, 1, '2017-12-14', '2017-12-31', ''),
	(224, 3, 8, 'Riparazione frigo pfannenberg DDT fortek 15 del 18-1-2018', 5, 1, '2018-01-18', '2018-02-28', ''),
	(225, 3, 8, 'Riparazione frigo pfannenberg DDT fortek 16 del 22-1-2018', 7, 1, '2018-01-22', '2018-02-28', ''),
	(226, 5, 8, 'TR17-8590 - Creazione Cerniere FCA', 5, 1, '2018-01-29', '2018-02-28', ''),
	(227, 3, 8, 'TR17-9532 - Canotto farfariello', 6, 1, '2018-01-31', '2018-02-28', 'reinviate l\'offerta a sales.torino@fortek.it e vendite@fortek.it'),
	(228, 3, 11, ' Impianto Locale Str. antica di None', 7, 2, '2018-01-31', '2018-02-28', ''),
	(229, 2, 16, 'Posaggio C00711 su C11', 7, 2, '2018-02-02', '2018-02-28', ''),
	(230, 2, 8, 'TR18-596 - Pieffeci - Supporti pistola', 6, 1, '2018-01-01', '2018-03-31', 'devo chiedere a Jacopo, Martinelli e\' stato trasferito ad altro incarico'),
	(231, 2, 8, 'TR17-5890 - FPT - Testate rulli', 6, 1, '2018-03-15', '2018-03-15', 'devo chiedere, e\' un\'attivita\' che volevano gestire con un ordine aperto che ancora non e\' partito a Stura ma che forse verra\' attivato nel 2019'),
	(232, 2, 8, 'RIP18-541 -  FCA - Revisione sollevatori muller', 5, 1, '2018-03-15', '2018-03-15', 'hanno intenzione di farlo, ho visto gia 5/6 pz pronti da spedirci ma ancora non ci e\' arrivato l\'ordine (probabilmente non hanno soldi, mi informo)'),
	(233, 2, 15, 'Catena distribuzione', 6, 1, '2018-03-17', '2018-03-17', ''),
	(234, 1, 2, 'Sostituzione condensatore primo stadio', 5, 1, '2018-03-19', '2018-03-21', ''),
	(235, 2, 6, 'Aggiornamento trezeta', 6, 1, '2018-03-26', '2018-03-26', ''),
	(236, 2, 6, 'Bard - allestimento ricambi', 6, 1, '2018-03-23', '2018-03-23', ''),
	(237, 2, 6, 'Dynamis - CSF - Rewamping Hiross manichini', 6, 1, '2018-03-19', '2018-03-19', ''),
	(238, 1, 11, 'Pacchetto assistenza', 5, 1, '2018-03-27', '2018-03-31', ''),
	(239, 2, 25, 'Sbobinatrice', 6, 1, '2018-03-27', '2018-03-31', ''),
	(240, 2, 16, 'Castello C9', 5, 1, '2018-03-27', '2018-12-24', ''),
	(241, 3, 2, 'Sostituzione compressore TAC metallurgica', 7, 1, '2018-03-26', '2018-04-23', ''),
	(242, 3, 8, 'RIP.18-528 - Riparazione pompa Daikin', 5, 1, '2018-04-05', '2018-04-30', ''),
	(243, 1, 2, 'Manutenzione programmata CSF e CRF orbassano', 5, 2, '2018-04-12', '2018-06-30', ''),
	(244, 3, 16, 'pompa carrellata multipostazione azzurra', 6, 1, '2018-04-12', '2018-05-31', ''),
	(245, 2, 2, 'Martor - rewamping banco prova scoppio', 6, 1, '2018-04-12', '2018-04-12', ''),
	(246, 1, 16, 'Modifiche software analisi dati2', 5, 1, '2018-04-01', '2018-12-31', ''),
	(247, 2, 2, 'Albesiano split atex', 5, 1, '2018-04-17', '2018-04-17', ''),
	(248, 3, 13, 'da assegnare', 6, 2, '2018-04-02', '2018-04-30', ''),
	(249, 2, 8, 'TR18-3683 - Iveco - Lavaggio scatole ponti', 6, 1, '2018-04-19', '2018-04-19', 'Offerta da VRB del 23/04 da 1000/1100 euro;\r\nhanno spostato l\'attivita sul budget 2019, ma non abbiamo ancora l\'ordine'),
	(250, 2, 26, 'Sezionamento tubo', 5, 1, '2018-05-07', '2018-05-07', ''),
	(251, 2, 26, 'Assistenza a contratto', 5, 2, '2018-05-16', '2018-05-16', ''),
	(252, 3, 26, 'Riparazione frigo PVT', 5, 1, '2018-05-18', '2018-05-31', ''),
	(253, 3, 8, 'RIP18-580 - Frigorifero ', 5, 1, '2018-05-01', '2018-07-31', ''),
	(254, 1, 2, 'Iveco - Gestione commerciale', 6, 1, '2018-06-04', '2019-12-31', ''),
	(255, 1, 2, 'Iveco - Aggiornamento moduli I/O - 1123', 7, 1, '2018-06-04', '2018-06-30', ''),
	(256, 1, 2, 'Iveco - Manutenzione banco TGC', 6, 1, '2018-06-04', '2018-06-30', ''),
	(257, 1, 2, 'Gestione commerciale', 6, 1, '2018-06-04', '2019-12-31', ''),
	(258, 3, 8, 'TR17-4878 - Iveco DV. Installazione colonna Piusi AdBlue', 5, 1, '2018-06-18', '2018-07-31', ''),
	(259, 3, 2, 'Licat assistenza generica', 5, 1, '2018-06-22', '2018-06-22', ''),
	(260, 2, 2, 'Rewamping hiross manichini csf', 5, 1, '2018-06-01', '2018-06-01', ''),
	(261, 3, 8, 'Riparazione frigo PFANNENBERG rip.n.xx/18', 5, 1, '2018-06-27', '2018-07-15', ''),
	(262, 3, 13, '', 6, 1, '2018-06-27', '2018-07-15', ''),
	(263, 2, 8, 'Riscaldatore online acqua demi', 6, 1, '2018-07-05', '2018-07-05', 'PRS: chiedi a tuo padre, era un\'offerta che mi sarebbe dovuta arrivare da AC Graf che ha dormito..'),
	(264, 1, 8, 'TR17-7697 - Quadro Forno', 6, 1, '2018-07-26', '2018-08-15', 'PRS: non mi hanno piu detto niente, devo chiedere a Jacopo'),
	(265, 2, 27, 'Ripristino sistema controllo 0722 DFZI', 6, 1, '2018-09-09', '2018-09-09', '\'\''),
	(266, 2, 8, 'Assistenza CNH Jesi', 5, 1, '2018-09-12', '2018-09-30', '\'\''),
	(267, 1, 8, 'RIP18-075 - Frigo da Q.E.', 7, 1, '2018-09-13', '2018-09-30', 'PRS chiede info a Moniaci'),
	(268, 2, 2, 'Hisense - Jac pianezza', 5, 2, '2018-07-01', '2018-07-01', '\'\''),
	(269, 2, 2, 'CRF carrier 4 poi 2', 5, 1, '2018-09-01', '2018-09-01', '\'\''),
	(270, 3, 2, 'Mirafiori - Assistenza estiva ', 5, 2, '2018-07-01', '2018-07-01', '\'\''),
	(271, 2, 26, 'Adeguamento banco circolazione glicole', 6, 1, '2018-09-17', '2018-09-17', '\'\''),
	(272, 1, 16, 'Riparazione Frigo da Q.E.', 7, 1, '2018-09-24', '2018-10-31', '\'\''),
	(273, 1, 8, 'Iveco BZ - Modifica banco plancia VBM', 5, 1, '2018-09-25', '2018-09-29', 'Possibile fatturare'),
	(274, 1, 8, 'Pieffeci - riparazione vasca', 6, 1, '2018-10-01', '2018-10-31', '\'\''),
	(275, 2, 28, 'SMAT - Avviamento depuratore Ceis Carmagnola TREND', 7, 1, '2018-10-01', '2018-10-31', '\'\''),
	(276, 2, 28, 'TREZETA - Integrazione Impianto TREND', 7, 1, '2018-10-01', '2018-10-31', '\'\''),
	(277, 3, 8, 'RIP18-648 - Riparazione collettore RR52527', 7, 1, '2018-10-02', '2018-10-31', 'PRS deve sentire il Cliente giovedi 22/11/18'),
	(278, 3, 8, 'RIP18-641 - Riparazione pompa Sandpiper', 7, 1, '2018-10-02', '2018-10-31', 'ricambi in arrivo tra una decina di giorni'),
	(279, 3, 2, 'CRF lavaggio sottostazioni caldo', 5, 2, '2018-09-03', '2018-09-03', '\'\''),
	(280, 2, 8, 'CnhMo - Replacement pianelli e traversa', 5, 1, '2018-10-09', '2018-10-09', ''),
	(281, 1, 8, 'RIP18-612 - Sostituzione restistenza Boiler', 7, 1, '2018-10-22', '2018-12-31', '\'\''),
	(282, 3, 8, 'RIP18-669 - Riparazione pompa Sandpiper ', 7, 1, '2018-10-22', '2018-10-31', 'ricambi in arrivo tra una decina di giorni'),
	(283, 1, 16, 'Passaggio cavo di rete per collegamento C11', 5, 1, '2018-10-23', '2018-10-31', '\'\''),
	(284, 2, 16, 'Maserati - Modifica valvola e prova tenuta', 5, 1, '2018-10-29', '2018-10-29', '\'\''),
	(285, 2, 2, 'Hisense - formazione', 5, 1, '2018-10-30', '2018-10-30', '\'\''),
	(286, 3, 8, 'RIP18-671 - Pompa GRACO vernici', 7, 1, '2018-11-06', '2018-12-24', '\'\''),
	(287, 3, 8, 'RIP18-672 - Pompa GRACO vernici', 7, 1, '2018-11-01', '2018-11-30', '\'\''),
	(288, 3, 8, 'RIP18-673 - Pompa GRACO vernici', 7, 1, '2018-11-01', '2018-11-30', '\'\''),
	(289, 3, 8, 'RIP18-674 - Pompa GRACO vernici', 7, 1, '2018-11-01', '2018-11-30', '\'\''),
	(290, 1, 16, 'Prototipo illuminazione tornio produzione a LED', 5, 1, '2018-11-01', '2018-11-30', '\'\''),
	(291, 1, 8, 'Iveco BZ - Aggiornamento tavoli rep. ceramiche', 6, 1, '2018-11-10', '2018-11-30', '\'\''),
	(292, 1, 8, 'Iveco BZ - Aggiornamento WAGO banco 0886', 5, 1, '2018-11-10', '2018-11-30', '\'\''),
	(293, 2, 29, 'Integrazione controlli automatici', 5, 1, '2018-11-12', '2018-11-30', '\'\''),
	(294, 3, 8, 'TR17-02121 - Progetto sostituzione Triton 3D350', 5, 1, '2018-11-14', '2018-11-30', 'PRS ha inviato i disegni 3D della pompa nuova'),
	(295, 3, 8, 'Riparazione condizionatore da Q.E. - RIP. 18-126', 7, 1, '2018-11-15', '2018-11-30', '\'\'DDT fortek 294 del 15/11/2018'),
	(296, 2, 8, 'RIP18-700/1 - CNH Jesi - configurazione PC', 5, 1, '2018-11-20', '2018-11-30', '\'\''),
	(297, 2, 8, 'TR18-12425 - FCA Mirafiori Presse - Retrofit trituratore', 6, 1, '2018-11-26', '2018-12-31', '\'\''),
	(298, 2, 29, 'Sostituzione sistema di controllo', 6, 1, '2018-11-27', '2018-12-31', '\'\''),
	(299, 3, 8, 'Rip18-706 - Pompa hidrostal RDA 985245', 6, 1, '2018-12-07', '2018-12-31', '\'\''),
	(300, 3, 8, 'Rip18-707 - Pompa hidrostal RDA 985246', 6, 1, '2018-12-07', '2018-12-31', '\'\''),
	(301, 1, 8, 'TR18-13710 - Iveco DV - RDO. UPGRADE BANCO REM LKST/AAT CON MODULI WAGO', 6, 1, '2018-12-11', '2019-01-31', '\'\''),
	(302, 3, 8, 'RIP18-710 - Riparazione sollevatore Muller', 7, 1, '2018-12-11', '2018-12-31', '\'\''),
	(303, 3, 8, 'RIP18-711 - Riparazione sollevatore Muller', 7, 1, '2018-12-11', '2018-12-31', '\'\''),
	(304, 3, 8, 'RIP18-712 - Riparazione sollevatore Muller', 7, 1, '2018-12-11', '2018-12-31', '\'\''),
	(305, 3, 8, 'RIP18-713 - Riparazione sollevatore Muller', 7, 1, '2018-12-11', '2018-12-31', '\'\''),
	(306, 3, 8, 'RIP18-714 - Riparazione sollevatore Muller', 7, 1, '2018-12-11', '2018-12-31', '\'\''),
	(307, 3, 8, 'RIP18-715 - Riparazione sollevatore Muller', 5, 1, '2018-12-11', '2018-12-31', '\'\''),
	(308, 1, 8, 'TR18/13730 - Pieffeci - Modifiche software acquisizione dati', 6, 1, '2018-12-11', '2018-12-31', '\'\''),
	(309, 2, 26, 'Regolazione aspirazione cella PVT', 6, 1, '2018-10-01', '2018-10-01', '\'\''),
	(310, 1, 8, 'TR18-XXXX - Modifica software LKST.', 5, 1, '2018-12-13', '2018-12-24', '\'\''),
	(311, 2, 8, 'Specole benzina', 6, 1, '2018-12-14', '2018-12-14', '\'\''),
	(312, 1, 16, 'Fornitura e configurazione Scheda elsist', 5, 1, '2018-12-18', '2018-12-31', '\'\''),
	(313, 1, 1, 'Gestione erogatore carbuante', 5, 1, '2019-01-08', '2019-01-31', '\'\''),
	(314, 3, 2, 'assistenza Orange', 6, 1, '2018-12-31', '2019-12-31', '\'\''),
	(315, 3, 8, 'Riparazione rullo frizionato - RIP 18-719', 7, 1, '2019-01-10', '2019-02-28', '\'\''),
	(316, 3, 8, 'Riparazione rullo frizionato - RIP 18-720', 7, 1, '2019-01-10', '2019-02-28', '\'\''),
	(317, 3, 8, 'Riparazione rullo frizionato - RIP 18-721', 7, 1, '2019-01-10', '2019-02-28', '\'\''),
	(318, 3, 8, 'Riparazione rullo frizionato - RIP 18-722', 7, 1, '2019-01-10', '2019-02-28', '\'\''),
	(319, 3, 8, 'RIP19/503 - riparazione pompa pneumatica sandpiper', 7, 1, '2019-01-22', '2019-12-31', '\'\''),
	(320, 2, 13, 'Aggiornamento e centralizzazione fullscale', 6, 1, '2019-01-27', '2019-01-27', '\'\''),
	(321, 1, 1, 'Acquisitori per torni automatici', 6, 1, '2019-01-31', '2019-12-31', '\'\''),
	(322, 1, 1, 'automazione taglierino carta', 6, 1, '2019-02-01', '2019-02-28', '\'\''),
	(323, 3, 8, 'Rip. 19-511 - pompa graco triton ', 5, 1, '2019-02-04', '2019-03-31', '\'\''),
	(324, 3, 8, 'RIP19-513 - Riparazione refrigeratore PFANNENBERG', 7, 1, '2019-02-05', '2019-03-31', '\'\''),
	(326, 2, 8, 'Hess - Revisione pressa', 6, 1, '2019-02-05', '2019-02-05', '\'\''),
	(327, 3, 8, 'RIP 19-508 - riparazione pompa graco', 7, 1, '2019-02-08', '2019-02-09', '\'\''),
	(328, 2, 27, 'Costruzione carrello pompa racer', 6, 1, '2019-03-01', '2019-03-01', '\'\''),
	(329, 2, 27, 'Avio - Modifiche Indusoft', 6, 1, '2019-03-04', '2019-03-04', '\'\''),
	(330, 1, 1, 'industrializzazione gasoline-pi', 6, 1, '2019-03-14', '2019-03-31', '\'\''),
	(331, 2, 28, 'Manutenzione programmata trezeta', 5, 1, '2019-03-15', '2019-03-15', '\'\''),
	(333, 2, 8, 'Iveco Bz - 0790 - Integrazione codici veicolo', 5, 1, '2019-03-01', '2019-03-01', '\'\''),
	(334, 2, 16, 'Posaggio foratura piastrine', 5, 1, '2019-03-19', '2019-03-19', '\'\''),
	(335, 2, 8, 'Graco Husky 1050 - Manifold', 5, 1, '2019-03-24', '2019-03-24', '\'\''),
	(336, 3, 8, 'Condizionatore Q.E. Rip 19-536', 7, 1, '2019-03-25', '2019-05-31', 'DDT N. 000061 del 15/03/2019\r\ndata ricevimento reale 21/03/2019'),
	(337, 3, 8, 'Condizionatore Q.E. Rip 19-537', 7, 1, '2019-03-25', '2019-05-31', 'DDT N. 000061 del 15/03/2019\r\nData ricevimento reale 21/03/2019'),
	(338, 2, 27, 'Avio - Banco prova ugelli MGB LSH', 7, 1, '2019-03-25', '2019-03-25', '\'\''),
	(339, 2, 2, 'CRF - Climaveneta 3 centr. Est', 5, 1, '2019-03-25', '2019-03-25', '\'\''),
	(340, 3, 8, 'RIP 19-534 - Riparazione refrigeratore Pfannenberg', 7, 1, '2019-03-01', '2019-05-31', 'DDT N.58 del 14/03/2019'),
	(341, 3, 8, 'RIP 19/533 Riparazione pompa Knoll Kts', 7, 1, '2019-03-28', '2019-05-31', 'DDT N.58 del 14/03/2019'),
	(342, 2, 2, 'Martor - sostituzione compressore b. shaker', 5, 1, '2019-02-01', '2019-02-01', '\'\''),
	(343, 3, 16, 'Riparazione albero tornio automatico', 5, 1, '2019-04-01', '2019-04-01', '\'\''),
	(344, 1, 1, 'Consegna prototipo Gasoline PI', 5, 1, '2019-04-01', '2019-04-05', '\'\''),
	(345, 1, 30, 'Gasoline PI 2.0', 6, 2, '2019-04-08', '2019-04-08', '\'\''),
	(346, 2, 27, 'BOQ', 6, 1, '2019-04-08', '2019-04-08', '\'\''),
	(347, 3, 15, 'Riparazione riscaldatore SELLA', 6, 1, '2019-04-09', '2019-04-10', '\'\''),
	(348, 1, 26, 'ricambio gruppo valvola camozzi', 5, 1, '2019-04-09', '2019-04-10', '\'\''),
	(350, 3, 8, 'RIP 19-551 - Riparazione refrigeratore Pfannenberg', 7, 1, '2019-04-10', '2019-06-30', 'ddt N.83 del 10/04/2019'),
	(351, 2, 8, 'RDO TR.18/2187 Piastra adattamento a disegno', 7, 1, '2019-04-12', '2019-04-15', '\'\''),
	(352, 2, 8, 'Tubetto poliuretano', 5, 1, '2019-05-01', '2019-05-01', '\'\''),
	(353, 2, 2, 'Mirafiori - Sostituzione motori ventilazione', 7, 2, '2019-05-04', '2019-05-04', '\'\''),
	(354, 2, 31, 'Installazione Cancello', 7, 1, '2019-05-07', '2019-05-07', '\'\''),
	(355, 1, 2, 'Lavori Politecnico', 5, 1, '2019-05-07', '2019-05-30', '\'\''),
	(356, 1, 2, 'APR - Intervento Presso cliente', 7, 1, '2019-05-09', '2019-05-09', '\'\''),
	(357, 2, 1, 'Manutenzione Borgoglio', 5, 1, '2019-05-04', '2019-05-04', '\'\''),
	(358, 1, 27, 'Tekfor - modifiche SW PLC S7 - Olivotto', 6, 1, '2019-05-08', '2019-05-31', '\'\''),
	(359, 1, 27, 'Modifiche PLC (off. 19.0345)', 6, 1, '2019-05-14', '2019-05-15', '\'\''),
	(360, 2, 8, 'Denso - Modifica pistola Kremlin', 6, 1, '2019-05-21', '2019-05-21', '\'\''),
	(361, 2, 8, 'Adattatore m5&quot;/f4&quot;', 7, 1, '2019-05-20', '2019-05-31', '\'\''),
	(362, 3, 8, 'RIP 19-594 - Riparazione refrigeratore Pfannenberg ', 7, 1, '2019-05-30', '2019-05-31', 'DDT N. 000115 del 30/05/2019'),
	(363, 3, 26, 'Revisione gruppo valvolare camozzi', 5, 1, '2019-06-03', '2019-06-30', ''),
	(364, 2, 8, 'Iveco - blocchetto funzionale LUV', 6, 1, '2019-06-18', '2019-06-18', '\'\''),
	(365, 2, 8, 'Costruzione nuovo collettore Pittler', 7, 1, '2019-06-26', '2019-06-26', '\'\''),
	(366, 1, 16, 'sostituzione condizionatore QE', 7, 1, '2019-07-09', '2019-07-31', '\'\''),
	(367, 1, 16, 'Installazione pedale controllo remoto erogazione olio', 7, 1, '2019-07-25', '2019-07-31', '\'\''),
	(368, 2, 2, 'Sanco - Manutenzione straordinaria Cameron LNG', 7, 1, '2019-07-16', '2019-07-16', '\'\''),
	(369, 3, 8, 'FCA - centraline RFID HTL/ROBOT', 7, 1, '2019-08-01', '2019-08-01', '\'\''),
	(370, 3, 8, 'RIP 19-581 - Rip. pompa Debem Boxer 150', 7, 1, '2019-08-18', '2019-11-30', '\'\''),
	(371, 3, 8, 'RIP 19-586 - Rip. collettore pittler ', 7, 1, '2019-08-16', '2021-02-28', '\'\''),
	(372, 1, 1, 'Offerta gestione lavori Uni geotermico', 6, 1, '2019-09-10', '2019-09-30', '\'\''),
	(373, 3, 8, 'RIP 19-601 - Riparazione saldatrice sunkod', 5, 1, '2019-08-31', '2019-10-31', '\'\''),
	(374, 3, 8, 'RIP 19-600 - Rip. refrigeratore Pfannenberg', 7, 1, '2019-08-01', '2019-11-30', '\'\''),
	(375, 1, 16, 'Attrezzatura FCA', 5, 1, '2019-09-20', '2019-12-31', '\'\''),
	(376, 3, 2, 'REEL - Sost. motori CTV8 Bis', 7, 1, '2019-09-20', '2019-12-31', '\'\''),
	(377, 3, 8, 'RIP 19-615 - Rip. Refrigeratore Pfannenberg', 7, 1, '2019-09-30', '2019-11-30', '\'\''),
	(378, 1, 8, 'Verniciatura Filtro autopulente', 7, 1, '2019-09-30', '2019-11-30', '\'\''),
	(379, 2, 32, 'Ripristino Banco prova', 5, 1, '2019-10-09', '2019-10-31', '\'\''),
	(380, 2, 2, 'Ronzoni - AHU', 4, 1, '2019-10-01', '2019-10-01', 'aspettiamo dei soldi, ma tanti'),
	(381, 2, 8, 'Pirelli - Banco prova mandrini', 6, 1, '2019-10-10', '2019-10-10', '\'\''),
	(382, 2, 16, 'Nuovo Ugello FCA', 5, 1, '2019-10-11', '2019-10-31', 'seguira codice corretto'),
	(383, 2, 2, 'Banco test nebbia salina', 6, 1, '2019-10-11', '2019-10-31', '\'\''),
	(384, 3, 2, 'Cambio olio compressore IVECO', 5, 1, '2019-10-11', '2019-10-31', '\'\''),
	(385, 3, 2, 'Ripristino Carrier Muzio', 5, 1, '2019-10-11', '2019-10-31', '\'\''),
	(386, 3, 26, 'Fornitura serbatoi Veglia', 7, 1, '2019-10-11', '2019-10-31', '\'\''),
	(387, 2, 33, 'Generatore pressioni pulsanti', 3, 1, '2019-10-13', '2019-10-13', '\'\''),
	(388, 2, 33, 'Generatore idrostatico prove scoppio', 7, 1, '2019-10-13', '2019-10-13', '\'\''),
	(389, 2, 13, 'VbaPulsatingHeritance environment', 6, 1, '2019-10-13', '2019-10-13', 'Era plastlab lancia pressione (Accornero)'),
	(390, 1, 8, 'Intervento Iveco Scatola potenza B1Old', 6, 1, '2019-10-10', '2019-10-11', '\'\''),
	(391, 3, 8, 'RIP 19-624 - Assemblaggio valvola GEMU', 5, 1, '2019-10-15', '2019-11-30', 'DDT n.215 del 15/10/19'),
	(392, 2, 2, 'Sostituzione PLC Iveco', 6, 1, '2019-10-28', '2019-10-31', '\'\''),
	(393, 2, 34, 'Modifiche sw Castellazzo', 7, 1, '2019-10-01', '2019-10-01', '\'\''),
	(394, 1, 8, '19/06293 - Tamponi di lubrificazione', 7, 1, '2019-11-13', '2020-03-31', '\'\''),
	(395, 3, 8, 'RIP19-502MDO2 - SOSTITUZIONE COMPONENTI IN LINEA ADDUZIONE MECAFLUID FACET 3+4', 5, 1, '2019-11-13', '2019-11-30', '\'\''),
	(396, 2, 16, 'Studio Ugello V0453', 5, 1, '2019-11-26', '2019-11-29', '\'\''),
	(397, 2, 2, 'Assistenza generica', 3, 1, '2019-12-10', '2020-11-30', '\'\''),
	(398, 2, 26, 'Documentazione defrosting', 6, 1, '2020-01-06', '2020-01-06', '\'\''),
	(399, 3, 2, 'Reel - Bitron 11KW', 5, 1, '2020-01-21', '2020-01-21', '\'\''),
	(400, 1, 2, 'sistema controllo skiptex', 6, 1, '2020-01-28', '2020-01-31', '\'\''),
	(401, 3, 8, 'RIP20/511 - Pompa Graco Gasolio COD 666.120.144C.1', 7, 1, '2020-02-06', '2020-03-31', ''),
	(402, 3, 8, 'RIP20/007 - Riparazione condizionatore da Q.E. SN D2455', 6, 1, '2020-02-10', '2020-04-30', ''),
	(403, 3, 8, 'RIP20/008 - Riparazione condizionatore da Q.E. SN 0061604', 6, 1, '2020-02-10', '2020-05-31', ''),
	(404, 3, 8, 'RIP20-503 - Lavorazioni meccaniche su pompa KSB', 6, 1, '2020-02-10', '2020-04-30', '\'\''),
	(405, 3, 8, 'TR19-12675 Piastra interfaccia pompa', 7, 1, '2020-02-10', '2020-03-31', '\'\''),
	(406, 3, 8, 'Piastra adattamento tubazioni Facet Q.E.', 6, 1, '2020-02-01', '2020-04-30', '\'\''),
	(407, 3, 8, 'RIP20/514 - Giunto girevole  ', 7, 1, '2020-02-14', '2020-05-31', ''),
	(408, 1, 16, 'V0397 - posaggio su 0375', 5, 1, '2020-02-18', '2020-02-18', '\'\''),
	(409, 1, 16, 'Riparazione scheda mitutoyo', 6, 1, '2020-02-19', '2020-02-29', '\'\''),
	(410, 2, 35, 'Conduzione banchi ex martor', 7, 1, '2020-02-20', '2020-12-31', '\'\''),
	(411, 2, 2, 'REEL - Sost. motori CTV9', 7, 1, '2020-02-25', '2020-05-31', '\'\''),
	(412, 3, 8, 'Fornitura rotelle a disegno cnh ', 5, 1, '2020-02-27', '2020-02-27', '\'\''),
	(413, 2, 16, 'Dimensionamento ugello mericano', 5, 1, '2020-03-15', '2020-03-20', '\'\''),
	(414, 2, 27, 'Fenoglio GP - Banco prova ugelli', 6, 1, '2020-03-21', '2020-03-21', '\'\''),
	(415, 2, 27, 'Avio - LGB racer cella 5', 6, 1, '2020-05-06', '2020-05-06', 'Andrea Poropat\r\n'),
	(416, 2, 36, 'Banco prova valvole massima Avio', 7, 1, '2020-06-08', '2020-06-08', '\'\''),
	(417, 3, 37, 'Condizionatore Q.E. RITTAL', 7, 1, '2020-06-12', '2020-07-31', ''),
	(418, 2, 8, 'Iveco - rewamping 1028 NBCentauro', 3, 1, '2020-06-17', '2020-06-17', '\'\''),
	(419, 2, 8, 'Iveco - raccordi vuoto', 6, 1, '2020-07-05', '2020-07-05', '\'\''),
	(420, 2, 8, 'DVD - implementazione VTLM1 su 885', 6, 1, '2020-07-01', '2020-07-01', '\'\''),
	(421, 2, 2, 'Ir33 Parma', 5, 1, '2020-08-03', '2020-08-24', '\'\''),
	(422, 2, 2, 'reel centrale quadro doppio', 6, 2, '2020-09-19', '2020-09-19', '\'\''),
	(423, 2, 2, 'Sistema controllo UTA sale metrologiche', 5, 1, '2020-10-01', '2020-10-01', '\'\''),
	(424, 2, 38, 'CNH fr - collaudo cilindri', 6, 1, '2020-10-01', '2020-10-01', '\'\''),
	(426, 2, 39, 'Comando coperchi vasche cottura', 7, 1, '2020-10-14', '2020-10-14', '\'\''),
	(427, 2, 16, 'Posaggio e target CMD, C00786', 5, 1, '2020-10-18', '2020-10-18', '\'\''),
	(428, 2, 38, 'Leonardo - Distribuzione polveri', 6, 1, '2020-10-18', '2020-10-18', '\'\''),
	(429, 5, 33, 'Accessori scoppio e pulsante', 5, 1, '2020-10-01', '2020-10-01', '\'\''),
	(430, 3, 13, 'Casa Ludo', 5, 1, '2020-10-01', '2020-10-01', '\'\''),
	(431, 3, 8, 'FCA - revisione pompa SCA', 5, 1, '2020-10-22', '2020-10-22', '\'\''),
	(432, 5, 8, 'Manutenzione Pistole SCA', 6, 1, '2020-10-23', '2020-12-01', '\'\''),
	(433, 5, 33, 'Allestimento cella grande', 7, 1, '2020-10-26', '2020-10-26', '\'\''),
	(434, 3, 8, 'Riparazione portellone mobile Fortek', 7, 1, '2020-10-26', '2020-11-30', '\'\''),
	(435, 5, 8, 'Rip20-570 Dosatore SCA', 7, 1, '2020-11-05', '2020-12-31', 'NF. 83722000052  RR.22372  RDA. 40 059 420'),
	(436, 5, 8, 'Rip20-572 Pistola Erogatrice ', 7, 1, '2020-11-05', '2020-12-31', 'NF. 87282. 000022 RR 23704 RDA  40030032'),
	(437, 5, 8, 'Rip20-573 Dosatore SCA', 7, 1, '2020-11-05', '2020-12-31', 'NF.83722.000054 RR. 23703 RDA 40059418'),
	(438, 5, 8, 'Rip20-574 Dosatore SCA', 7, 1, '2020-11-05', '2020-12-31', 'NF. 83722. 000054 RR.22370 RDA 40059419'),
	(439, 3, 8, 'dvdBz - Verniciatura', 6, 1, '2020-11-01', '2020-11-01', '\'\''),
	(440, 1, 40, 'SW gestione trasporti', 6, 1, '2020-11-13', '2020-12-31', '\'\''),
	(441, 3, 8, 'IVECO DV - TR2008776 -(INTERVENTO SPOT) Rewamping Banco Prova Plance', 5, 1, '2020-09-08', '2021-05-31', '\'\''),
	(442, 2, 38, 'Prova tenuta serbatoi Cornaglia', 6, 1, '2020-12-10', '2020-12-10', '\'\''),
	(443, 2, 35, 'Interventi di ripristino carel + livello sversamento', 5, 1, '2021-01-07', '2021-01-31', '\'\''),
	(444, 3, 8, 'IVECO DV - Rewamp banco plance 1028_01', 1, 1, '2021-01-12', '2021-05-31', '\'\''),
	(445, 3, 8, 'IVECO DV - Sostituzione PLC rep. ceramiche', 1, 1, '2021-01-12', '2021-06-30', '\'\''),
	(446, 1, 16, 'Automazione Giostra', 6, 1, '2021-01-12', '2021-04-30', '\'\''),
	(447, 2, 16, 'Modifica posaggio 0453 con destaco', 7, 1, '2020-01-19', '2020-01-19', '\'\''),
	(448, 2, 16, 'Banco prova ugelli CNH NBC', 6, 1, '2021-01-19', '2021-01-19', '\'\''),
	(449, 2, 35, 'Rewamp banchi prova', 3, 1, '2021-01-23', '2022-03-31', '\'\''),
	(450, 3, 8, 'Pistoni nichelati', 3, 1, '2022-12-12', '2023-01-31', '\'\''),
	(451, 3, 8, 'TR20/10878 -Assemblaggio box elettrico', 7, 1, '2021-02-03', '2021-05-31', '\'\''),
	(452, 3, 41, 'Banco prova pulsante', 6, 1, '2021-02-04', '2021-12-31', 'Ing Ivano Ottino Resp. prove'),
	(453, 2, 38, 'Lavazza - Applicazione valv. Goglio', 6, 1, '2021-02-05', '2021-02-05', '\'\''),
	(454, 3, 8, 'TR23/1329 - Tamponi ingrassaggio cuscinetti a disegno', 3, 1, '2023-02-02', '2021-04-30', '\'\''),
	(455, 1, 35, 'Sostituzione riscaldatore cella BP', 7, 1, '2021-02-04', '2021-02-04', '\'fattura 9 del 08/03/21'),
	(456, 3, 8, 'Modifiche elettriche Quadro DENSO', 7, 1, '2021-02-09', '2022-04-30', '\'\''),
	(457, 5, 8, 'RIP21-506 - Misuratore WTW PH/197 -S', 7, 1, '2021-02-11', '2021-05-11', '\'\''),
	(458, 5, 8, 'RIP 21-507 - THERMOREAKTOR WTW CR3000', 3, 1, '2021-02-11', '2021-05-11', '\'\'SN : 0190005&amp;quot;\r\n'),
	(459, 2, 16, 'Disegno posaggio ', 7, 1, '2021-02-26', '2021-03-31', '\'\''),
	(460, 2, 2, 'Assistenza reg. Carel cabina svizzera', 4, 1, '2021-03-01', '2021-03-01', '\'\''),
	(461, 5, 8, 'RIP21-513  SCA Bonder X1P', 7, 1, '2021-03-05', '2021-04-05', '\'\''),
	(462, 5, 8, 'RIP21-519 DOSATORE SCA', 5, 1, '2021-03-08', '2021-04-08', '\'\''),
	(463, 2, 8, 'Michelin CN - Banco prova valvole vapore', 6, 1, '2021-03-09', '2021-03-09', '\'\''),
	(464, 3, 33, 'Consulenza e assistenza', 3, 1, '2021-03-10', '2021-03-10', '\'\''),
	(465, 2, 38, 'Lavorazione catalizzatori', 6, 1, '2021-03-11', '2021-03-11', '\'\''),
	(466, 2, 38, 'Lavorazione catalizzatori', 6, 1, '2021-03-11', '2021-03-11', '\'\''),
	(467, 5, 8, 'RIP 21/504 - PISTOLA SCA', 7, 1, '2021-03-15', '2021-04-30', '\'\''),
	(468, 3, 26, 'Documentazione banchi modificati', 6, 1, '2021-03-25', '2021-04-25', '\'\''),
	(469, 5, 8, 'Pomigliano - Carpenterie filtri', 6, 1, '2021-04-01', '2021-04-01', '\'\''),
	(470, 2, 33, 'Fornitura modulo circolazione termoregolato', 3, 1, '2021-04-15', '2021-04-15', '\'\'imds'),
	(471, 5, 8, 'Riparazione sollevatori Muller', 7, 1, '2021-04-19', '2021-06-19', 'RIP21-544\r\nRIP21-545\r\nRIP21-546\r\nRIP21-547\r\nRIP21-548'),
	(472, 2, 8, 'PFC - Ugelli mastice telai', 7, 1, '2021-04-26', '2021-04-26', '\'\''),
	(473, 5, 8, 'Pompa a immersione Schmalemberger', 5, 1, '2021-04-27', '2021-05-27', '\'\''),
	(474, 5, 8, 'Pompa Siemens Simotics', 7, 1, '2021-04-27', '2021-05-27', '\'\''),
	(475, 5, 8, 'RIP21-552 Pompa a membrana cod: 66120144CI', 7, 1, '2021-04-27', '2021-05-27', '\'\''),
	(476, 2, 8, 'Banco testing E&amp;E', 6, 1, '2021-04-30', '2021-09-30', '\'\''),
	(477, 2, 33, 'Pressione pulsante pneumatica', 5, 1, '2021-05-05', '2021-05-05', '\'\''),
	(478, 2, 35, 'Revisione banco prova ravarino', 7, 1, '2021-05-18', '2021-12-31', '\'\''),
	(479, 3, 8, 'Fornitura pannello operatore siemens', 6, 1, '2021-05-21', '2021-06-30', '\'\''),
	(480, 5, 8, 'RIP21-559 - Pompa Gasolio membrana ', 7, 1, '2021-05-25', '2021-06-25', '666120-144-C\r\ncod. disegno : 595014359'),
	(481, 5, 8, 'Dosatore SCA - Grosso', 7, 1, '2021-05-25', '2021-07-31', '\'\''),
	(482, 5, 8, 'RIP21-555 - pistola SCA 87282.000022 RR.24171', 7, 1, '2021-05-31', '2021-07-31', '\'\''),
	(483, 5, 8, 'RIP 21-531 - valvola SCA 87576.000002', 6, 1, '2021-05-31', '2021-07-31', '\'\''),
	(484, 1, 16, 'C10 - Rewamping', 6, 1, '2021-06-11', '2021-12-31', '\'\''),
	(485, 2, 38, 'Counting stations', 6, 1, '2021-06-20', '2021-06-20', '\'\''),
	(486, 2, 8, 'CNH MO - Ottimizzazione carica freon', 1, 1, '2021-06-25', '2021-06-25', '\'\''),
	(487, 2, 8, 'CRF - Estensimetro biassiale', 6, 1, '2021-07-01', '2021-07-01', '\'\''),
	(488, 3, 2, 'Sostituzione controllo centro assistenza poveri', 7, 1, '2021-07-05', '2021-07-12', '\'\''),
	(489, 5, 8, 'RIP21-527 - Pistola SCA AK403 7285.1020 D', 7, 1, '2021-07-06', '2021-10-06', '\'\''),
	(490, 5, 8, 'RIP21-528 - Dosatore SCA 4250.0017 D', 7, 1, '2021-07-06', '2021-08-06', 'Dosatore vecchio '),
	(491, 5, 8, 'RIP21-529 - Valvola applicabile SCA 7270.0000 D (per dosatore vecchio)', 7, 1, '2021-07-06', '2027-08-06', '\'\''),
	(492, 5, 8, 'RIP21-531 - Valvola SCA 87576.000002 ', 7, 1, '2021-07-06', '2021-09-06', '\'\''),
	(493, 1, 36, 'Affitto PLC + Conduzione prove', 6, 1, '2021-07-16', '2021-10-31', '\'\''),
	(494, 2, 8, 'TR21-08050 - Cnh SMatteo - Centrale idraulica freni', 6, 1, '2021-07-17', '2021-07-17', '\'\''),
	(495, 2, 26, 'Aggiornamento banco defrosting', 2, 1, '2021-07-27', '2021-07-27', '\'\''),
	(496, 2, 26, 'Aggiornamento banco pulsante urea', 4, 1, '2021-07-27', '2022-03-31', '\'\''),
	(497, 3, 8, ' Fornitura Lamiera lavorata (TR 21/10477)', 6, 1, '2021-09-14', '2021-09-30', '\'\''),
	(498, 2, 42, 'Revamping Stressometro Lineare', 6, 1, '2021-09-27', '2022-03-31', '\'\''),
	(499, 5, 8, 'Bonder X1P RIP21-570', 7, 1, '2021-09-27', '2021-12-31', '\'\''),
	(500, 3, 8, 'albero FPT Foggia | TR21/10845', 6, 1, '2021-09-28', '2021-10-31', '\'\''),
	(501, 2, 43, 'Sostituzione motore avanzamenti Rambaudi', 7, 2, '2021-10-02', '2021-10-02', '\'\''),
	(502, 2, 26, 'Fornitura recuperatore gas + stazione riempimento', 6, 1, '2021-10-05', '2022-09-30', '\'\''),
	(503, 2, 33, 'Prove shock termico 50-400', 6, 1, '2021-10-14', '2021-10-14', '\'\''),
	(504, 2, 44, 'Revisione banco MF', 4, 1, '2021-10-20', '2021-10-20', '\'\''),
	(505, 2, 26, 'Fornitura Ventilatore Papst', 7, 1, '2021-10-22', '2021-11-30', '\'\''),
	(506, 2, 45, 'Collaudo ugelli multigetto', 6, 1, '2021-11-06', '2021-11-06', '\'\''),
	(507, 3, 46, 'Revamping banco pulsante aria', 3, 1, '2021-11-15', '2022-05-31', '\'\''),
	(508, 2, 2, 'Wenzel Lucchini ', 6, 1, '2021-12-13', '2021-12-13', '\'\''),
	(509, 2, 38, 'Rework macchina spara carta', 6, 1, '2022-01-18', '2022-02-28', '\'\''),
	(510, 3, 47, 'Fornitura cassetta ATEX forata', 6, 1, '2022-01-24', '2022-08-31', '\'\''),
	(511, 2, 33, 'DADCarillon', 5, 1, '2022-02-05', '2022-02-05', '\'\''),
	(512, 5, 8, 'Scatole elettriche Fortek', 5, 1, '2022-01-03', '2022-02-08', '\'\''),
	(513, 5, 8, 'Riverniciatura Filtro', 5, 1, '2022-02-01', '2022-02-28', '\'\''),
	(514, 5, 8, 'Vasca acqua DENSO', 6, 1, '2022-01-01', '2022-11-30', '\'\''),
	(515, 5, 44, 'Interno cella banco aria', 2, 1, '2022-02-25', '2022-03-31', '\'\''),
	(516, 2, 33, 'Generatore pulsazione idrostatico', 3, 1, '2022-01-01', '2022-01-01', '\'\''),
	(517, 5, 26, 'Integrazione 0496', 7, 1, '2022-03-08', '2022-03-08', '\'\''),
	(518, 2, 38, 'Leonardo - Sistemi aspirazione', 6, 1, '2022-03-23', '2022-03-23', '\'\''),
	(519, 3, 46, 'Revisione vasca prova CRF', 3, 1, '2022-04-04', '2022-05-31', '\'\''),
	(520, 3, 48, 'Fornitura sistema controllo Rooftop', 6, 1, '2022-04-27', '2022-07-31', '\'\''),
	(521, 3, 27, 'Progettazione revamping banco prova freni', 6, 1, '2022-05-24', '2023-01-31', '\'\''),
	(522, 3, 8, 'Fornitura carrello vernice - TR22/05173', 2, 1, '2022-05-25', '2022-07-31', '\'\''),
	(523, 3, 8, 'Fornitura Skid Inox Suzzara - TR22/05011', 2, 1, '2022-05-25', '2022-07-31', '\'\''),
	(524, 3, 8, 'Modifica e gestione impianti serbatoio - TR21/04699', 2, 1, '2022-05-25', '2022-07-31', '\'\''),
	(525, 3, 33, 'Banco siringa', 6, 1, '2022-05-30', '2022-06-30', '\'\''),
	(526, 2, 33, 'Upgrade pulsante pneumatico alta temperatura', 6, 1, '2022-06-15', '2022-06-15', '\'\''),
	(527, 3, 8, 'Fornitura Aste Pistoni', 6, 1, '2022-06-24', '2022-07-31', '\'\''),
	(528, 5, 8, 'Scatole elettriche FCA', 7, 1, '2022-06-29', '2022-07-30', '\'\''),
	(529, 5, 8, 'RIP22-523 - Modifica coperchio serbatoio', 6, 1, '2022-06-29', '2022-07-31', 'da vedere con giuliano\r\n'),
	(530, 2, 35, 'Assistenza generica', 3, 1, '2022-07-01', '2022-07-01', '\'\''),
	(531, 3, 37, 'Riparazione Refrigeratore Q.E.', 7, 1, '2022-07-18', '2022-08-31', '\'\''),
	(532, 2, 8, 'CNH s.teo - Scarica energia CC', 3, 1, '2022-02-01', '2022-02-01', '\'\''),
	(533, 3, 50, 'Banco pulsante BP-AP', 1, 1, '2022-08-05', '2022-08-05', '\'\''),
	(534, 3, 8, 'Pompa elettrica carrellata', 2, 1, '2022-08-06', '2022-08-22', '\'\''),
	(535, 1, 51, 'Gestionale trasporti', 3, 1, '2022-04-01', '2022-04-01', '\'\''),
	(536, 5, 52, 'Rittal 1KW', 6, 1, '2022-08-30', '2022-08-30', 'Da ricevere, analizzare e preventivare sbf'),
	(537, 3, 8, 'Fortek - gestione generica', 3, 2, '2022-08-30', '2022-08-30', 'Commessa per tutte le sbatte generiche con ozzio'),
	(538, 2, 8, 'CnhSteo - Trattore freni trattrici', 1, 1, '2022-08-31', '2022-08-31', '\'\''),
	(539, 3, 8, 'IvecoDvd - Spostamento b. plance 1028.1', 7, 1, '2022-07-25', '2022-07-25', '\'\''),
	(540, 3, 13, 'VPH', 3, 1, '2022-01-01', '2022-01-01', '\'\''),
	(541, 5, 16, 'Revisione Banco Prova C3', 1, 1, '2022-09-20', '2022-11-30', '\'\''),
	(542, 5, 16, 'Revisione Banco Prova C10', 2, 1, '2022-09-20', '2022-11-30', '\'\''),
	(543, 3, 8, 'Fornitura ugelli Pieffecci', 4, 1, '2022-09-26', '2022-11-30', '\'\''),
	(544, 5, 52, 'Riparazione refrigeratori Rittal', 2, 1, '2022-09-19', '2022-10-31', '\r\n'),
	(545, 2, 33, 'Misura pdc tubo inox corrugato', 7, 1, '2022-09-21', '2022-09-21', '\'\''),
	(546, 3, 8, 'Tampone ingrassaggio cuscinetto GRA-66A', 5, 1, '2022-09-30', '2022-10-31', '\'\''),
	(547, 3, 8, 'IVECO DV- Banco 1028.04 - Antincendio', 4, 1, '2022-08-01', '2022-10-31', 'ordine 22/05434 del 25/07/2022'),
	(548, 3, 8, 'Fornitura Filtri in lamiera', 6, 1, '2022-09-30', '2022-11-30', '\'\''),
	(549, 2, 8, 'CNH S.Matteo - Kit Fotovoltaico', 3, 1, '2022-11-14', '2022-11-30', '\'\''),
	(550, 3, 26, 'Assistenza Generica', 3, 1, '2022-11-22', '2025-12-03', '\'\''),
	(551, 2, 26, 'Banco misura perdite di carico', 1, 1, '2022-11-26', '2022-11-26', '\'\''),
	(552, 2, 8, 'PFC - Bagno lavaggio', 5, 1, '2022-12-08', '2022-12-08', '\'\''),
	(553, 3, 8, 'Dipra_IvecoDV - Upgrade banchi prova NBC', 1, 1, '2022-12-20', '2023-02-28', 'TR22/12960'),
	(554, 3, 8, 'Iveco Suzzare - Gestione accessi magazzino', 1, 1, '2022-12-20', '2023-05-31', '\'\''),
	(555, 3, 8, 'Iveco BS pompa decaratterizzante | TR22/10872', 2, 1, '2022-12-20', '2023-03-31', '\'\''),
	(556, 1, 8, 'Datalogger I/O Universale', 1, 1, '2023-01-01', '2023-02-28', '\'\''),
	(557, 5, 8, 'Centraline elettriche FCA', 7, 1, '2022-01-01', '2025-12-31', '\'\''),
	(558, 2, 44, 'Assistenza generica', 3, 1, '2023-01-23', '2023-01-23', '\'\''),
	(559, 3, 8, 'TR23/954 - Raccordo per estrusione sigillante', 2, 1, '2023-01-24', '2023-02-28', 'Outsourcing Galosso e Mario'),
	(560, 3, 8, 'TR23/1156 - Fornitura VITE A SFERE D.50', 6, 1, '2023-02-02', '2023-06-30', '\'\''),
	(561, 3, 8, 'TR22/11275 - Pedana pompa Mapple 30', 2, 1, '2023-02-02', '2023-04-28', '\'\''),
	(562, 3, 8, 'Carrello miscelatore Binks', 2, 1, '2023-02-06', '2023-02-06', '\'\''),
	(563, 3, 8, 'RIP23/515 - Riparazione pompa gasolio', 1, 1, '2023-02-10', '2023-03-31', 'DDT fortek N° 32 del 10/02/2023'),
	(564, 2, 8, 'CNH - NEF - Pompe Hydracell', 3, 2, '2023-02-10', '2023-02-10', '\'\''),
	(565, 5, 8, 'Revisione pompa ARO - IVECO', 3, 1, '2023-02-14', '2023-03-14', '\'\''),
	(566, 5, 8, 'Scatole elettriche FCA.016 ', 1, 1, '2023-02-21', '2023-03-21', '(10 e 6)');

-- Dump della struttura di tabella gestionale_vba.orders_status
CREATE TABLE IF NOT EXISTS `orders_status` (
  `id` int(11) NOT NULL AUTO_INCREMENT,
  `name` varchar(255) NOT NULL,
  PRIMARY KEY (`id`)
) ENGINE=InnoDB AUTO_INCREMENT=8 DEFAULT CHARSET=utf8mb4 COLLATE=utf8mb4_general_ci;

-- Dump dei dati della tabella gestionale_vba.orders_status: ~8 rows (circa)
INSERT INTO `orders_status` (`id`, `name`) VALUES
	(0, 'Creata'),
	(1, 'Offerta'),
	(2, 'Acquisizione Ordine'),
	(3, 'In Lavorazione'),
	(4, 'In Collaudo'),
	(5, 'Terminata'),
	(6, 'Abortita'),
	(7, 'Fatturata');

-- Dump della struttura di tabella gestionale_vba.orders_types
CREATE TABLE IF NOT EXISTS `orders_types` (
  `id` int(11) NOT NULL AUTO_INCREMENT,
  `name` varchar(255) NOT NULL,
  PRIMARY KEY (`id`)
) ENGINE=InnoDB AUTO_INCREMENT=4 DEFAULT CHARSET=utf8mb4 COLLATE=utf8mb4_general_ci;

-- Dump dei dati della tabella gestionale_vba.orders_types: ~3 rows (circa)
INSERT INTO `orders_types` (`id`, `name`) VALUES
	(1, 'Preventivo'),
	(2, 'Consuntivo'),
	(3, 'Ass. Generica');

-- Dump della struttura di tabella gestionale_vba.resources_function
CREATE TABLE IF NOT EXISTS `resources_function` (
  `id` int(11) NOT NULL AUTO_INCREMENT,
  `name` varchar(50) NOT NULL,
  PRIMARY KEY (`id`)
) ENGINE=InnoDB AUTO_INCREMENT=4 DEFAULT CHARSET=utf8mb4 COLLATE=utf8mb4_general_ci;

-- Dump dei dati della tabella gestionale_vba.resources_function: ~3 rows (circa)
INSERT INTO `resources_function` (`id`, `name`) VALUES
	(1, 'Cliente'),
	(2, 'Cliente / Fornitore'),
	(3, 'Fornitore');

-- Dump della struttura di tabella gestionale_vba.resources_type
CREATE TABLE IF NOT EXISTS `resources_type` (
  `id` int(11) NOT NULL AUTO_INCREMENT,
  `name` varchar(255) NOT NULL,
  `description` varchar(255) DEFAULT NULL,
  `note` varchar(255) DEFAULT NULL,
  PRIMARY KEY (`id`)
) ENGINE=InnoDB AUTO_INCREMENT=3 DEFAULT CHARSET=utf8mb4 COLLATE=utf8mb4_general_ci;

-- Dump dei dati della tabella gestionale_vba.resources_type: ~2 rows (circa)
INSERT INTO `resources_type` (`id`, `name`, `description`, `note`) VALUES
	(1, 'Grossista Elettrico', '', ''),
	(2, 'Generico', '', '');

-- Dump della struttura di tabella gestionale_vba.users
CREATE TABLE IF NOT EXISTS `users` (
  `id` int(11) NOT NULL AUTO_INCREMENT,
  `lastname` varchar(255) NOT NULL,
  `firstname` varchar(255) NOT NULL,
  `username` varchar(255) NOT NULL,
  `email` varchar(255) NOT NULL,
  `phone_number` varchar(255) DEFAULT NULL,
  `password` varchar(255) NOT NULL,
  PRIMARY KEY (`id`)
) ENGINE=InnoDB AUTO_INCREMENT=9 DEFAULT CHARSET=utf8mb4 COLLATE=utf8mb4_general_ci;

-- Dump dei dati della tabella gestionale_vba.users: ~8 rows (circa)
INSERT INTO `users` (`id`, `lastname`, `firstname`, `username`, `email`, `phone_number`, `password`) VALUES
	(1, 'Visca', 'Matteo', 'teo', 'viscateo@gmail.com', '+393334554102', '$2b$10$OCbmEkUXcNT.GE1z8wswn.ahydCQXrPwI7Y1rgS4j6f/oVWGkon3G'),
	(2, 'Visca', 'Roberto', 'roby', 'r.visca@vbanet.eu', '+393334554344', '$2b$10$T2.xEaPf3vqA3AKEbIFX8OhgZVfZ0DZX8a6xU1IblQjHQF2f057sm'),
	(3, 'Visca', 'Andrea', 'andrea', 'a.visca@vbanet.eu', '+393334554339', '$2b$10$dqg9w47ErsmLcUDoGE4UvO1peTydXEFir4Xgh89uXxGFhWk13Nff.'),
	(4, 'Magnifico', 'Valentina', 'Valentina', 'v.magnifico@vbanet.eu', '', '$2b$10$URA09pcurqKXvOQeBXJ7tuiLVwCBKJd.gGANTJp27219ckCHEF2MS'),
	(5, 'Visca', 'Paolo', 'Paolo', 'paoloriccardovisca@gmail.com', '', '$2b$10$ZWcpMhnQlA94dCyHHi3TC.okwggNzL4Xkpp8.x/59HJRrVjlhH1ny'),
	(6, 'Gamba', 'Stefania', 'Stefania', 's.gamba@vbanet.eu', '', '$2b$10$.Gzu8XN/NbPxZ.DjqgV8GeFDoSX.Hn12sHyazA/KqdDggECsmX91.'),
	(7, 'Prastaro', 'Stefano', 'stefano', 's.prastaro@vbanet.eu', '', '$2b$10$LSPSgWf54TfGHefyYcPW7OxFzukRma5RR24H9g5xdyR0GGKiVWGem'),
	(8, 'Arlorio', 'Ludovica', 'Ludo', '', '', '$2b$10$kFHWW3lUJeGEkNT48oHjpu1rHAEELSy/3R2/F43YZEkqtg6CADhAy');

/*!40103 SET TIME_ZONE=IFNULL(@OLD_TIME_ZONE, 'system') */;
/*!40101 SET SQL_MODE=IFNULL(@OLD_SQL_MODE, '') */;
/*!40014 SET FOREIGN_KEY_CHECKS=IFNULL(@OLD_FOREIGN_KEY_CHECKS, 1) */;
/*!40101 SET CHARACTER_SET_CLIENT=@OLD_CHARACTER_SET_CLIENT */;
/*!40111 SET SQL_NOTES=IFNULL(@OLD_SQL_NOTES, 1) */;
